[
    {
        "id": "unknown",
        "name": "Unknown",
        "rectX": 0,
        "rectY": 0,
        "size": 16
    },
    {
        "id": "dirt_tile",
        "name": "Dirt",
        "rectX": 1,
        "rectY": 0,
        "size": 16
    },
    {
        "id": "grass_tile",
        "name": "Grass",
        "rectX": 2,
        "rectY": 0,
        "size": 16
    },
    {
        "id": "stone_tile",
        "name": "Stone",
        "rectX": 3,
        "rectY": 0,
        "size": 16
    },
    {
        "id": "water_tile",
        "name": "Water",
        "rectX": 4,
        "rectY": 0,
        "size": 16
    },
    {
        "id": "sand_tile",
        "name": "Sand",
        "rectX": 5,
        "rectY": 0,
        "size": 16
    },
    {
        "id": "gravel_tile",
        "name": "Gravel",
        "rectX": 6,
        "rectY": 0,
        "size": 16
    },
    {
        "id": "snow_tile",
        "name": "Snow",
        "rectX": 7,
        "rectY": 0,
        "size": 16
    },
    {
        "id": "snowy_grass_tile",
        "name": "Grass",
        "rectX": 8,
        "rectY": 0,
        "size": 16
    },
    {
        "id": "bush_1",
        "name": "Bush",
        "rectX": 0,
        "rectY": 7,
        "size": 16
    },
    {
        "id": "bush_2",
        "name": "Bush",
        "rectX": 1,
        "rectY": 7,
        "size": 16
    },
    {
        "id": "bush_3",
        "name": "Bush",
        "rectX": 2,
        "rectY": 7,
        "size": 16
    },
    {
        "id": "bush_4",
        "name": "Bush",
        "rectX": 3,
        "rectY": 7,
        "size": 16
    },
    {
        "id": "arbust_1",
        "name": "Arbust",
        "rectX": 4,
        "rectY": 7,
        "size": 16
    },
    {
        "id": "arbust_2",
        "name": "Arbust",
        "rectX": 5,
        "rectY": 7,
        "size": 16
    },
    {
        "id": "arbust_3",
        "name": "Arbust",
        "rectX": 6,
        "rectY": 7,
        "size": 16
    },
    {
        "id": "short_grass",
        "name": "Grass",
        "rectX": 7,
        "rectY": 7,
        "size": 16
    }
]